begin;

-- ============================================================
-- 1. LIMPEZA DO MODELO ANTERIOR
-- ============================================================

drop view if exists public.vw_dados_completos_normalizados cascade;

drop table if exists public.infraestrutura_fontes_energia cascade;
drop table if exists public.implantacao_categorias_uso cascade;
drop table if exists public.implantacao_empresas cascade;
drop table if exists public.implantacao_modelos cascade;
drop table if exists public.metricas_uso cascade;
drop table if exists public.custos cascade;
drop table if exists public.ambiental cascade;
drop table if exists public.infraestrutura cascade;
drop table if exists public.implantacoes_ia cascade;
drop table if exists public.localidades cascade;
drop table if exists public.pais_idiomas cascade;
drop table if exists public.idiomas cascade;
drop table if exists public.categorias_uso cascade;
drop table if exists public.tipos_resfriamento cascade;
drop table if exists public.fontes_energia cascade;
drop table if exists public.modelos_ia cascade;
drop table if exists public.empresas cascade;
drop table if exists public.paises cascade;

drop type if exists public.tipo_modelo_enum cascade;
drop type if exists public.status_operacional_enum cascade;
drop type if exists public.periodo_pico_enum cascade;
drop type if exists public.reuso_agua_enum cascade;
drop type if exists public.porte_data_center_enum cascade;

-- ============================================================
-- 2. ENUMS / VALORES CONTROLADOS
-- ============================================================

create type public.tipo_modelo_enum as enum (
  'LLM',
  'Multimodal',
  'Outro'
);

create type public.status_operacional_enum as enum (
  'Ativo',
  'Inativo',
  'Planejado',
  'Manutencao'
);

create type public.periodo_pico_enum as enum (
  'Manhã',
  'Tarde',
  'Noite',
  'Madrugada',
  'Integral'
);

create type public.reuso_agua_enum as enum (
  'Sim',
  'Não',
  'Parcial'
);

create type public.porte_data_center_enum as enum (
  'Pequeno/Regional',
  'Regional',
  'Urbano',
  'Hiperescala',
  'Seguro/Financeiro',
  'Outro'
);

-- ============================================================
-- 3. FUNÇÃO DE UPDATED_AT
-- ============================================================

create or replace function public.set_updated_at()
returns trigger
language plpgsql
as $$
begin
  new.updated_at = now();
  return new;
end;
$$;

-- ============================================================
-- 4. TABELAS PRINCIPAIS
-- ============================================================

create table public.paises (
  id bigint generated by default as identity primary key,
  codigo_pais char(2) not null unique,
  nome text not null unique,
  continente text not null,
  created_at timestamptz not null default now(),
  updated_at timestamptz not null default now(),
  created_by uuid default auth.uid() references auth.users(id) on delete set null,

  constraint chk_paises_codigo_pais check (codigo_pais ~ '^[A-Z]{2}$'),
  constraint chk_paises_nome_nao_vazio check (length(trim(nome)) > 0)
);

create table public.idiomas (
  id bigint generated by default as identity primary key,
  nome text not null unique,
  created_at timestamptz not null default now(),
  updated_at timestamptz not null default now(),
  created_by uuid default auth.uid() references auth.users(id) on delete set null,

  constraint chk_idiomas_nome_nao_vazio check (length(trim(nome)) > 0)
);

create table public.pais_idiomas (
  pais_id bigint not null references public.paises(id) on update cascade on delete restrict,
  idioma_id bigint not null references public.idiomas(id) on update cascade on delete restrict,
  principal boolean not null default true,
  created_at timestamptz not null default now(),
  updated_at timestamptz not null default now(),
  created_by uuid default auth.uid() references auth.users(id) on delete set null,

  primary key (pais_id, idioma_id)
);

create table public.localidades (
  id bigint generated by default as identity primary key,
  pais_id bigint not null references public.paises(id) on update cascade on delete restrict,
  cidade text not null,
  regiao text,
  clima text,
  temp_media_c numeric(6,2),
  proximidade_agua text,
  created_at timestamptz not null default now(),
  updated_at timestamptz not null default now(),
  created_by uuid default auth.uid() references auth.users(id) on delete set null,

  constraint uq_localidades_pais_cidade unique (pais_id, cidade),
  constraint chk_localidades_cidade_nao_vazia check (length(trim(cidade)) > 0),
  constraint chk_localidades_temp_media_realista check (temp_media_c is null or temp_media_c between -80 and 80)
);

create table public.empresas (
  id bigint generated by default as identity primary key,
  nome text not null unique,
  created_at timestamptz not null default now(),
  updated_at timestamptz not null default now(),
  created_by uuid default auth.uid() references auth.users(id) on delete set null,

  constraint chk_empresas_nome_nao_vazio check (length(trim(nome)) > 0)
);

create table public.modelos_ia (
  id bigint generated by default as identity primary key,
  empresa_desenvolvedora_id bigint references public.empresas(id) on update cascade on delete set null,
  nome_publico text not null,
  versao text,
  tipo_modelo public.tipo_modelo_enum not null default 'LLM',
  created_at timestamptz not null default now(),
  updated_at timestamptz not null default now(),
  created_by uuid default auth.uid() references auth.users(id) on delete set null,

  constraint uq_modelos_ia_nome_versao unique (nome_publico, versao),
  constraint chk_modelos_ia_nome_nao_vazio check (length(trim(nome_publico)) > 0)
);

create table public.implantacoes_ia (
  id bigint generated by default as identity primary key,
  localidade_id bigint not null references public.localidades(id) on update cascade on delete restrict,
  ano_instalacao integer,
  status public.status_operacional_enum not null default 'Ativo',
  observacao text,
  created_at timestamptz not null default now(),
  updated_at timestamptz not null default now(),
  created_by uuid default auth.uid() references auth.users(id) on delete set null,

  constraint uq_implantacoes_ia_localidade unique (localidade_id),
  constraint chk_implantacoes_ano check (ano_instalacao is null or ano_instalacao between 1990 and 2100)
);

-- Uma implantação pode usar vários modelos.
create table public.implantacao_modelos (
  implantacao_id bigint not null references public.implantacoes_ia(id) on update cascade on delete cascade,
  modelo_ia_id bigint not null references public.modelos_ia(id) on update cascade on delete restrict,
  modelo_principal boolean not null default false,
  created_at timestamptz not null default now(),
  updated_at timestamptz not null default now(),
  created_by uuid default auth.uid() references auth.users(id) on delete set null,

  primary key (implantacao_id, modelo_ia_id)
);

-- Uma implantação pode envolver várias empresas.
create table public.implantacao_empresas (
  implantacao_id bigint not null references public.implantacoes_ia(id) on update cascade on delete cascade,
  empresa_id bigint not null references public.empresas(id) on update cascade on delete restrict,
  papel text not null default 'Operadora/fornecedora',
  created_at timestamptz not null default now(),
  updated_at timestamptz not null default now(),
  created_by uuid default auth.uid() references auth.users(id) on delete set null,

  primary key (implantacao_id, empresa_id)
);

create table public.categorias_uso (
  id bigint generated by default as identity primary key,
  nome text not null unique,
  created_at timestamptz not null default now(),
  updated_at timestamptz not null default now(),
  created_by uuid default auth.uid() references auth.users(id) on delete set null,

  constraint chk_categorias_uso_nome_nao_vazio check (length(trim(nome)) > 0)
);

create table public.implantacao_categorias_uso (
  implantacao_id bigint not null references public.implantacoes_ia(id) on update cascade on delete cascade,
  categoria_uso_id bigint not null references public.categorias_uso(id) on update cascade on delete restrict,
  created_at timestamptz not null default now(),
  updated_at timestamptz not null default now(),
  created_by uuid default auth.uid() references auth.users(id) on delete set null,

  primary key (implantacao_id, categoria_uso_id)
);

create table public.metricas_uso (
  id bigint generated by default as identity primary key,
  implantacao_id bigint not null unique references public.implantacoes_ia(id) on update cascade on delete cascade,
  pico_uso public.periodo_pico_enum,
  usuarios_milhoes numeric(12,2),
  interacoes_dia_milhoes numeric(12,2),
  crescimento_anual_percentual numeric(8,4),
  latencia_media_ms integer,
  created_at timestamptz not null default now(),
  updated_at timestamptz not null default now(),
  created_by uuid default auth.uid() references auth.users(id) on delete set null,

  constraint chk_metricas_usuarios check (usuarios_milhoes is null or usuarios_milhoes >= 0),
  constraint chk_metricas_interacoes check (interacoes_dia_milhoes is null or interacoes_dia_milhoes >= 0),
  constraint chk_metricas_crescimento check (crescimento_anual_percentual is null or crescimento_anual_percentual between -1 and 5),
  constraint chk_metricas_latencia check (latencia_media_ms is null or latencia_media_ms > 0)
);

create table public.tipos_resfriamento (
  id bigint generated by default as identity primary key,
  nome text not null unique,
  categoria text,
  created_at timestamptz not null default now(),
  updated_at timestamptz not null default now(),
  created_by uuid default auth.uid() references auth.users(id) on delete set null,

  constraint chk_tipos_resfriamento_nome_nao_vazio check (length(trim(nome)) > 0)
);

create table public.fontes_energia (
  id bigint generated by default as identity primary key,
  nome text not null unique,
  renovavel boolean,
  created_at timestamptz not null default now(),
  updated_at timestamptz not null default now(),
  created_by uuid default auth.uid() references auth.users(id) on delete set null,

  constraint chk_fontes_energia_nome_nao_vazio check (length(trim(nome)) > 0)
);

create table public.infraestrutura (
  id bigint generated by default as identity primary key,
  localidade_id bigint not null unique references public.localidades(id) on update cascade on delete restrict,
  tipo_data_center public.porte_data_center_enum not null default 'Outro',
  numero_servidores integer,
  tipo_resfriamento_id bigint references public.tipos_resfriamento(id) on update cascade on delete set null,
  ano_instalacao integer,
  status public.status_operacional_enum not null default 'Ativo',
  latencia_media_ms integer,
  created_at timestamptz not null default now(),
  updated_at timestamptz not null default now(),
  created_by uuid default auth.uid() references auth.users(id) on delete set null,

  constraint chk_infra_servidores check (numero_servidores is null or numero_servidores >= 0),
  constraint chk_infra_ano check (ano_instalacao is null or ano_instalacao between 1990 and 2100),
  constraint chk_infra_latencia check (latencia_media_ms is null or latencia_media_ms > 0)
);

create table public.infraestrutura_fontes_energia (
  infraestrutura_id bigint not null references public.infraestrutura(id) on update cascade on delete cascade,
  fonte_energia_id bigint not null references public.fontes_energia(id) on update cascade on delete restrict,
  participacao_percentual numeric(5,2),
  observacao text,
  created_at timestamptz not null default now(),
  updated_at timestamptz not null default now(),
  created_by uuid default auth.uid() references auth.users(id) on delete set null,

  primary key (infraestrutura_id, fonte_energia_id),
  constraint chk_infra_fontes_participacao check (participacao_percentual is null or participacao_percentual between 0 and 100)
);

create table public.ambiental (
  id bigint generated by default as identity primary key,
  localidade_id bigint not null unique references public.localidades(id) on update cascade on delete restrict,
  tipo_resfriamento_id bigint references public.tipos_resfriamento(id) on update cascade on delete set null,
  reuso_agua public.reuso_agua_enum,
  consumo_agua_milhoes_litros_ano numeric(14,2),
  regulamentacao_ambiental text,
  created_at timestamptz not null default now(),
  updated_at timestamptz not null default now(),
  created_by uuid default auth.uid() references auth.users(id) on delete set null,

  constraint chk_ambiental_consumo_agua check (consumo_agua_milhoes_litros_ano is null or consumo_agua_milhoes_litros_ano >= 0)
);

create table public.custos (
  id bigint generated by default as identity primary key,
  localidade_id bigint not null unique references public.localidades(id) on update cascade on delete restrict,
  custo_anual_milhoes_usd numeric(14,2),
  custo_por_usuario_usd_ano numeric(14,4),
  agua_por_usuario_litros_ano numeric(14,4),
  interacoes_por_servidor_dia numeric(18,4),
  custo_por_servidor_usd_ano numeric(18,4),
  created_at timestamptz not null default now(),
  updated_at timestamptz not null default now(),
  created_by uuid default auth.uid() references auth.users(id) on delete set null,

  constraint chk_custos_anual check (custo_anual_milhoes_usd is null or custo_anual_milhoes_usd >= 0),
  constraint chk_custos_usuario check (custo_por_usuario_usd_ano is null or custo_por_usuario_usd_ano >= 0),
  constraint chk_custos_agua_usuario check (agua_por_usuario_litros_ano is null or agua_por_usuario_litros_ano >= 0),
  constraint chk_custos_interacoes_servidor check (interacoes_por_servidor_dia is null or interacoes_por_servidor_dia >= 0),
  constraint chk_custos_servidor check (custo_por_servidor_usd_ano is null or custo_por_servidor_usd_ano >= 0)
);

-- ============================================================
-- 5. ÍNDICES PARA PERFORMANCE E JOINS DO SUPABASE
-- ============================================================

create index idx_pais_idiomas_pais_id on public.pais_idiomas(pais_id);
create index idx_pais_idiomas_idioma_id on public.pais_idiomas(idioma_id);
create index idx_localidades_pais_id on public.localidades(pais_id);
create index idx_modelos_ia_empresa_desenvolvedora_id on public.modelos_ia(empresa_desenvolvedora_id);
create index idx_implantacoes_ia_localidade_id on public.implantacoes_ia(localidade_id);
create index idx_implantacoes_ia_status on public.implantacoes_ia(status);
create index idx_implantacao_modelos_implantacao_id on public.implantacao_modelos(implantacao_id);
create index idx_implantacao_modelos_modelo_ia_id on public.implantacao_modelos(modelo_ia_id);
create index idx_implantacao_empresas_implantacao_id on public.implantacao_empresas(implantacao_id);
create index idx_implantacao_empresas_empresa_id on public.implantacao_empresas(empresa_id);
create index idx_implantacao_categorias_uso_implantacao_id on public.implantacao_categorias_uso(implantacao_id);
create index idx_implantacao_categorias_uso_categoria_id on public.implantacao_categorias_uso(categoria_uso_id);
create index idx_metricas_uso_implantacao_id on public.metricas_uso(implantacao_id);
create index idx_infraestrutura_localidade_id on public.infraestrutura(localidade_id);
create index idx_infraestrutura_tipo_resfriamento_id on public.infraestrutura(tipo_resfriamento_id);
create index idx_infra_fontes_infraestrutura_id on public.infraestrutura_fontes_energia(infraestrutura_id);
create index idx_infra_fontes_fonte_energia_id on public.infraestrutura_fontes_energia(fonte_energia_id);
create index idx_ambiental_localidade_id on public.ambiental(localidade_id);
create index idx_ambiental_tipo_resfriamento_id on public.ambiental(tipo_resfriamento_id);
create index idx_custos_localidade_id on public.custos(localidade_id);

-- ============================================================
-- 6. TRIGGERS DE UPDATED_AT
-- ============================================================

do $$
declare
  tabela text;
begin
  foreach tabela in array array[
    'paises',
    'idiomas',
    'pais_idiomas',
    'localidades',
    'empresas',
    'modelos_ia',
    'implantacoes_ia',
    'implantacao_modelos',
    'implantacao_empresas',
    'categorias_uso',
    'implantacao_categorias_uso',
    'metricas_uso',
    'tipos_resfriamento',
    'fontes_energia',
    'infraestrutura',
    'infraestrutura_fontes_energia',
    'ambiental',
    'custos'
  ] loop
    execute format('drop trigger if exists trg_set_updated_at on public.%I', tabela);
    execute format(
      'create trigger trg_set_updated_at before update on public.%I for each row execute function public.set_updated_at()',
      tabela
    );
  end loop;
end $$;

-- ============================================================
-- 7. CARGA NORMALIZADA DOS DADOS
-- ============================================================

insert into public.paises (id, codigo_pais, nome, continente) values
  (1, 'ZA', 'África do Sul', 'África'),
  (2, 'DE', 'Alemanha', 'Europa'),
  (3, 'AR', 'Argentina', 'América do Sul'),
  (4, 'AU', 'Austrália', 'Oceania'),
  (5, 'BR', 'Brasil', 'América do Sul'),
  (6, 'CA', 'Canadá', 'América do Norte'),
  (7, 'CN', 'China', 'Ásia'),
  (8, 'ES', 'Espanha', 'Europa'),
  (9, 'US', 'EUA', 'América do Norte'),
  (10, 'FR', 'França', 'Europa'),
  (11, 'IN', 'Índia', 'Ásia'),
  (12, 'JP', 'Japão', 'Ásia'),
  (13, 'RU', 'Rússia', 'Europa/Ásia'),
  (14, 'CH', 'Suíça', 'Europa'),
  (15, 'UY', 'Uruguai', 'América do Sul')
on conflict (id) do update set
  codigo_pais = excluded.codigo_pais,
  nome = excluded.nome,
  continente = excluded.continente;

insert into public.idiomas (id, nome) values
  (1, 'Inglês'),
  (2, 'Zulu'),
  (3, 'Alemão'),
  (4, 'Espanhol'),
  (5, 'Português'),
  (6, 'Francês'),
  (7, 'Mandarim'),
  (8, 'Hindi'),
  (9, 'Japonês'),
  (10, 'Russo')
on conflict (id) do update set nome = excluded.nome;

insert into public.pais_idiomas (pais_id, idioma_id, principal) values
  (1, 1, true),
  (1, 2, false),
  (2, 3, true),
  (3, 4, true),
  (4, 1, true),
  (5, 5, true),
  (6, 1, true),
  (6, 6, false),
  (7, 7, true),
  (8, 4, true),
  (9, 1, true),
  (10, 6, true),
  (11, 8, true),
  (11, 1, false),
  (12, 9, true),
  (13, 10, true),
  (14, 3, true),
  (14, 6, false),
  (15, 4, true)
on conflict (pais_id, idioma_id) do update set principal = excluded.principal;

insert into public.localidades (id, pais_id, cidade, regiao, clima, temp_media_c, proximidade_agua) values
  (1, 1, 'Joanesburgo', 'Gauteng', 'Semiárido', 19, 'Baixa'),
  (2, 2, 'Frankfurt', 'Central', 'Temperado', 11, 'Média (rios)'),
  (3, 3, 'Buenos Aires', 'Pampa', 'Temperado', 17, 'Média'),
  (4, 4, 'Sydney', 'Sudeste', 'Temperado', 20, 'Baixa (costeira)'),
  (5, 5, 'São Paulo', 'Sudeste', 'Tropical', 22, 'Alta'),
  (6, 6, 'Toronto', 'Ontário', 'Continental frio', 9, 'Alta (lagos)'),
  (7, 7, 'Pequim', 'Leste', 'Continental', 13, 'Alta'),
  (8, 8, 'Madrid', 'Mediterrâneo', 'Mediterrâneo', 19, 'Baixa'),
  (9, 9, 'Califórnia', 'Oeste', 'Temperado', 18, 'Média'),
  (10, 10, 'Paris', 'Atlântico', 'Temperado', 14, 'Alta'),
  (11, 11, 'Bangalore', 'Sul', 'Tropical', 26, 'Baixa'),
  (12, 12, 'Tóquio', 'Kanto', 'Temperado úmido', 16, 'Alta'),
  (13, 13, 'Moscou', 'Central', 'Continental', 8, 'Média'),
  (14, 14, 'Zurique', 'Central', 'Alpino', 10, 'Alta (lagos/alpes)'),
  (15, 15, 'Montevidéu', 'Sul', 'Temperado', 17, 'Alta (Rio da Prata)')
on conflict (id) do update set
  pais_id = excluded.pais_id,
  cidade = excluded.cidade,
  regiao = excluded.regiao,
  clima = excluded.clima,
  temp_media_c = excluded.temp_media_c,
  proximidade_agua = excluded.proximidade_agua;

insert into public.empresas (id, nome) values
  (1, 'OpenAI'),
  (2, 'Aleph Alpha'),
  (3, 'Anthropic'),
  (4, 'ByteDance'),
  (5, 'Baidu'),
  (6, 'Google'),
  (7, 'Mistral AI'),
  (8, 'LY Corporation'),
  (9, 'DeepSeek'),
  (10, 'Yandex')
on conflict (id) do update set nome = excluded.nome;

insert into public.modelos_ia (id, empresa_desenvolvedora_id, nome_publico, versao, tipo_modelo) values
  (1, 1, 'ChatGPT', 'GPT-3.5', 'LLM'),
  (2, 1, 'ChatGPT', 'GPT-4', 'LLM'),
  (3, 1, 'ChatGPT', 'GPT-4o', 'LLM'),
  (4, 2, 'Aleph Alpha', 'Aleph Alpha L', 'Multimodal'),
  (5, 3, 'Claude', 'Claude 3.5', 'LLM'),
  (6, 4, 'Doubao', null, 'Multimodal'),
  (7, 5, 'Ernie Bot', 'ERNIE 4.5', 'Multimodal'),
  (8, 6, 'Gemini', 'Gemini 1.5', 'Multimodal'),
  (9, 7, 'Mistral', 'Mistral Large', 'LLM'),
  (10, 8, 'LINE AI', 'GPT-4o', 'Multimodal'),
  (11, 9, 'DeepSeek', 'DeepSeek-V3', 'LLM'),
  (12, 10, 'Yandex Alice', null, 'LLM')
on conflict (id) do update set
  empresa_desenvolvedora_id = excluded.empresa_desenvolvedora_id,
  nome_publico = excluded.nome_publico,
  versao = excluded.versao,
  tipo_modelo = excluded.tipo_modelo;

insert into public.implantacoes_ia (id, localidade_id, ano_instalacao, status, observacao) values
  (1, 1, 2022, 'Ativo', 'Crescimento acelerado em fintechs e educação'),
  (2, 2, 2019, 'Ativo', 'Forte ecossistema de IA industrial e soberania digital'),
  (3, 3, 2021, 'Ativo', 'Crescimento em startups e educação'),
  (4, 4, 2020, 'Ativo', 'Foco em mineração, agricultura e pesquisa'),
  (5, 5, 2020, 'Ativo', 'Forte uso educacional e corporativo'),
  (6, 6, 2019, 'Ativo', 'Anthropic tem raízes canadenses; foco em IA responsável'),
  (7, 7, 2019, 'Ativo', 'Ecossistema fechado; DeepSeek também relevante'),
  (8, 8, 2019, 'Ativo', 'Forte adoção em turismo e serviços'),
  (9, 9, 2018, 'Ativo', 'Alta demanda empresarial e desenvolvimento'),
  (10, 10, 2022, 'Ativo', 'Foco em soberania digital e IA europeia'),
  (11, 11, 2020, 'Ativo', 'Maior crescimento global em adoção de IA'),
  (12, 12, 2019, 'Ativo', 'Integração com robótica e IoT industrial'),
  (13, 13, 2021, 'Ativo', 'Alternativas locais devido a restrições geopolíticas'),
  (14, 14, 2021, 'Ativo', 'Foco em privacidade, finanças e pesquisa de ponta'),
  (15, 15, 2022, 'Ativo', 'Líder regional em energia renovável e digitalização')
on conflict (id) do update set
  localidade_id = excluded.localidade_id,
  ano_instalacao = excluded.ano_instalacao,
  status = excluded.status,
  observacao = excluded.observacao;

insert into public.implantacao_modelos (implantacao_id, modelo_ia_id, modelo_principal) values
  (1, 1, true),
  (2, 2, true),
  (2, 4, false),
  (3, 2, true),
  (4, 2, true),
  (5, 5, true),
  (5, 2, false),
  (6, 5, true),
  (6, 2, false),
  (7, 6, true),
  (7, 7, false),
  (8, 8, true),
  (8, 2, false),
  (9, 3, true),
  (10, 9, true),
  (10, 3, false),
  (11, 2, true),
  (12, 3, true),
  (12, 10, false),
  (13, 11, true),
  (13, 12, false),
  (14, 9, true),
  (14, 3, false),
  (15, 2, true)
on conflict (implantacao_id, modelo_ia_id) do update set modelo_principal = excluded.modelo_principal;

insert into public.implantacao_empresas (implantacao_id, empresa_id, papel) values
  (1, 1, 'Fornecedora principal'),
  (2, 1, 'Fornecedora'),
  (2, 2, 'Fornecedora local/europeia'),
  (3, 1, 'Fornecedora principal'),
  (4, 1, 'Fornecedora principal'),
  (5, 3, 'Fornecedora'),
  (5, 1, 'Fornecedora'),
  (6, 3, 'Fornecedora'),
  (6, 1, 'Fornecedora'),
  (7, 4, 'Fornecedora'),
  (7, 5, 'Fornecedora'),
  (8, 6, 'Fornecedora'),
  (8, 1, 'Fornecedora'),
  (9, 1, 'Fornecedora principal'),
  (10, 7, 'Fornecedora'),
  (11, 1, 'Fornecedora principal'),
  (12, 1, 'Fornecedora'),
  (12, 8, 'Integração local'),
  (13, 9, 'Fornecedora'),
  (13, 10, 'Fornecedora local'),
  (14, 7, 'Fornecedora'),
  (14, 1, 'Fornecedora'),
  (15, 1, 'Fornecedora principal')
on conflict (implantacao_id, empresa_id) do update set papel = excluded.papel;

insert into public.categorias_uso (id, nome) values
  (1, 'Geral'),
  (2, 'Educacional'),
  (3, 'Financeiro'),
  (4, 'Industrial'),
  (5, 'Engenharia'),
  (6, 'Mineração'),
  (7, 'Pesquisa'),
  (8, 'Corporativo'),
  (9, 'Comércio'),
  (10, 'Turismo'),
  (11, 'Startups'),
  (12, 'Robótica'),
  (13, 'Governamental')
on conflict (id) do update set nome = excluded.nome;

insert into public.implantacao_categorias_uso (implantacao_id, categoria_uso_id) values
  (1, 2), (1, 3),
  (2, 4), (2, 5),
  (3, 2),
  (4, 1), (4, 6),
  (5, 1), (5, 2),
  (6, 7), (6, 8),
  (7, 1), (7, 9),
  (8, 1), (8, 10),
  (9, 1), (9, 8),
  (10, 7), (10, 8),
  (11, 2), (11, 11),
  (12, 8), (12, 12),
  (13, 1), (13, 13),
  (14, 3), (14, 7),
  (15, 13), (15, 2)
on conflict (implantacao_id, categoria_uso_id) do nothing;

insert into public.metricas_uso (id, implantacao_id, pico_uso, usuarios_milhoes, interacoes_dia_milhoes, crescimento_anual_percentual, latencia_media_ms) values
  (1, 1, 'Tarde', 14, 3.4, 0.31, 165),
  (2, 2, 'Tarde', 36, 8.9, 0.15, 85),
  (3, 3, 'Noite', 18, 4.2, 0.22, 145),
  (4, 4, 'Tarde', 22, 5.1, 0.19, 105),
  (5, 5, 'Noite', 35, 12, 0.15, 120),
  (6, 6, 'Tarde', 31, 7.8, 0.17, 82),
  (7, 7, 'Noite', 230, 52, 0.35, 65),
  (8, 8, 'Tarde', 28, 6.8, 0.16, 95),
  (9, 9, 'Tarde', 180, 45, 0.18, 75),
  (10, 10, 'Tarde', 24, 5.5, 0.25, 88),
  (11, 11, 'Tarde', 95, 28, 0.42, 110),
  (12, 12, 'Tarde', 42, 11, 0.14, 72),
  (13, 13, 'Noite', 38, 9.2, 0.28, 135),
  (14, 14, 'Tarde', 6.8, 1.9, 0.13, 78),
  (15, 15, 'Noite', 2.1, 0.52, 0.26, 138)
on conflict (id) do update set
  implantacao_id = excluded.implantacao_id,
  pico_uso = excluded.pico_uso,
  usuarios_milhoes = excluded.usuarios_milhoes,
  interacoes_dia_milhoes = excluded.interacoes_dia_milhoes,
  crescimento_anual_percentual = excluded.crescimento_anual_percentual,
  latencia_media_ms = excluded.latencia_media_ms;

insert into public.tipos_resfriamento (id, nome, categoria) values
  (1, 'Ar forçado', 'Ar'),
  (2, 'Híbrido + líquido', 'Híbrido'),
  (3, 'Ar livre + evaporativo', 'Híbrido'),
  (4, 'Híbrido', 'Híbrido'),
  (5, 'Free-cooling (ar exterior)', 'Ar externo'),
  (6, 'Subaquático/Líquido', 'Líquido'),
  (7, 'Evaporativo', 'Evaporativo'),
  (8, 'Líquido', 'Líquido'),
  (9, 'Líquido avançado', 'Líquido'),
  (10, 'Ar forçado + livre', 'Híbrido'),
  (11, 'Líquido + free-cooling alpino', 'Híbrido'),
  (12, 'Ar natural + híbrido', 'Híbrido')
on conflict (id) do update set
  nome = excluded.nome,
  categoria = excluded.categoria;

insert into public.fontes_energia (id, nome, renovavel) values
  (1, 'Carvão', false),
  (2, 'Solar', true),
  (3, 'Eólica', true),
  (4, 'Gás natural', false),
  (5, 'Hidrelétrica', true),
  (6, 'Nuclear', false),
  (7, 'Renováveis', true)
on conflict (id) do update set
  nome = excluded.nome,
  renovavel = excluded.renovavel;

insert into public.infraestrutura (id, localidade_id, tipo_data_center, numero_servidores, tipo_resfriamento_id, ano_instalacao, status, latencia_media_ms) values
  (1, 1, 'Regional', 1500, 1, 2022, 'Ativo', 165),
  (2, 2, 'Hiperescala', 7800, 2, 2019, 'Ativo', 85),
  (3, 3, 'Regional', 1800, 1, 2021, 'Ativo', 145),
  (4, 4, 'Urbano', 3800, 3, 2020, 'Ativo', 105),
  (5, 5, 'Urbano', 4500, 4, 2020, 'Ativo', 120),
  (6, 6, 'Hiperescala', 6200, 5, 2019, 'Ativo', 82),
  (7, 7, 'Hiperescala', 35000, 6, 2019, 'Ativo', 65),
  (8, 8, 'Urbano', 3200, 4, 2019, 'Ativo', 95),
  (9, 9, 'Hiperescala', 22000, 7, 2018, 'Ativo', 75),
  (10, 10, 'Hiperescala', 5500, 8, 2022, 'Ativo', 88),
  (11, 11, 'Hiperescala', 12000, 7, 2020, 'Ativo', 110),
  (12, 12, 'Hiperescala', 8500, 9, 2019, 'Ativo', 72),
  (13, 13, 'Regional', 4200, 10, 2021, 'Ativo', 135),
  (14, 14, 'Seguro/Financeiro', 2100, 11, 2021, 'Ativo', 78),
  (15, 15, 'Pequeno/Regional', 420, 12, 2022, 'Ativo', 138)
on conflict (id) do update set
  localidade_id = excluded.localidade_id,
  tipo_data_center = excluded.tipo_data_center,
  numero_servidores = excluded.numero_servidores,
  tipo_resfriamento_id = excluded.tipo_resfriamento_id,
  ano_instalacao = excluded.ano_instalacao,
  status = excluded.status,
  latencia_media_ms = excluded.latencia_media_ms;

insert into public.infraestrutura_fontes_energia (infraestrutura_id, fonte_energia_id, participacao_percentual, observacao) values
  (1, 1, null, null),
  (1, 2, null, 'Solar emergente'),
  (2, 3, null, null),
  (2, 2, null, null),
  (2, 4, null, null),
  (3, 4, null, null),
  (3, 7, null, null),
  (4, 2, null, null),
  (4, 1, null, 'Transição energética'),
  (5, 5, null, null),
  (6, 5, 60, null),
  (6, 6, null, null),
  (7, 1, null, null),
  (7, 2, null, 'Transição energética'),
  (8, 3, null, null),
  (8, 2, null, null),
  (9, 2, null, 'Parcial'),
  (9, 3, null, 'Parcial'),
  (10, 6, 70, null),
  (11, 2, null, null),
  (11, 1, null, null),
  (12, 6, null, null),
  (12, 7, null, null),
  (13, 4, null, null),
  (14, 5, null, null),
  (14, 6, null, null),
  (15, 3, 40, null),
  (15, 5, null, null)
on conflict (infraestrutura_id, fonte_energia_id) do update set
  participacao_percentual = excluded.participacao_percentual,
  observacao = excluded.observacao;

insert into public.ambiental (id, localidade_id, tipo_resfriamento_id, reuso_agua, consumo_agua_milhoes_litros_ano, regulamentacao_ambiental) values
  (1, 1, 1, 'Não', 285, 'Média (em desenvolvimento)'),
  (2, 2, 2, 'Sim', 640, 'Muito Alta (UE + leis nacionais)'),
  (3, 3, 1, 'Parcial', 320, 'Média'),
  (4, 4, 3, 'Sim', 410, 'Média-Alta'),
  (5, 5, 4, 'Sim', 850, 'Média (LGPD)'),
  (6, 6, 5, 'Sim', 520, 'Alta (federal + provincial)'),
  (7, 7, 6, 'Sim', 3100, 'Alta (estatal)'),
  (8, 8, 4, 'Sim', 510, 'Alta (UE)'),
  (9, 9, 7, 'Não', 2400, 'Baixa (estadual)'),
  (10, 10, 8, 'Sim', 480, 'Alta (UE + soberania)'),
  (11, 11, 7, 'Parcial', 1650, 'Média (em desenvolvimento)'),
  (12, 12, 9, 'Sim', 720, 'Alta'),
  (13, 13, 10, 'Parcial', 890, 'Alta (soberania digital)'),
  (14, 14, 11, 'Sim', 125, 'Muito Alta'),
  (15, 15, 12, 'Sim', 48, 'Alta (compromisso verde)')
on conflict (id) do update set
  localidade_id = excluded.localidade_id,
  tipo_resfriamento_id = excluded.tipo_resfriamento_id,
  reuso_agua = excluded.reuso_agua,
  consumo_agua_milhoes_litros_ano = excluded.consumo_agua_milhoes_litros_ano,
  regulamentacao_ambiental = excluded.regulamentacao_ambiental;

insert into public.custos (id, localidade_id, custo_anual_milhoes_usd, custo_por_usuario_usd_ano, agua_por_usuario_litros_ano, interacoes_por_servidor_dia, custo_por_servidor_usd_ano) values
  (1, 1, 38, 2.7143, 20.3571, 2266.6667, 25333.3333),
  (2, 2, 115, 3.1944, 17.7778, 1141.0256, 14743.5897),
  (3, 3, 45, 2.5, 17.7778, 2333.3333, 25000.0),
  (4, 4, 68, 3.0909, 18.6364, 1342.1053, 17894.7368),
  (5, 5, 110, 3.1429, 24.2857, 2666.6667, 24444.4444),
  (6, 6, 92, 2.9677, 16.7742, 1258.0645, 14838.7097),
  (7, 7, 620, 2.6957, 13.4783, 1485.7143, 17714.2857),
  (8, 8, 75, 2.6786, 18.2143, 2125.0, 23437.5),
  (9, 9, 480, 2.6667, 13.3333, 2045.4545, 21818.1818),
  (10, 10, 85, 3.5417, 20.0, 1000.0, 15454.5455),
  (11, 11, 210, 2.2105, 17.3684, 2333.3333, 17500.0),
  (12, 12, 145, 3.4524, 17.1429, 1294.1176, 17058.8235),
  (13, 13, 95, 2.5, 23.4211, 2190.4762, 22619.0476),
  (14, 14, 42, 6.1765, 18.3824, 904.7619, 20000.0),
  (15, 15, 8.5, 4.0476, 22.8571, 1238.0952, 20238.0952)
on conflict (id) do update set
  localidade_id = excluded.localidade_id,
  custo_anual_milhoes_usd = excluded.custo_anual_milhoes_usd,
  custo_por_usuario_usd_ano = excluded.custo_por_usuario_usd_ano,
  agua_por_usuario_litros_ano = excluded.agua_por_usuario_litros_ano,
  interacoes_por_servidor_dia = excluded.interacoes_por_servidor_dia,
  custo_por_servidor_usd_ano = excluded.custo_por_servidor_usd_ano;

-- ============================================================
-- 8. AJUSTE DAS SEQUÊNCIAS APÓS INSERTS COM ID MANUAL
-- ============================================================

select setval(pg_get_serial_sequence('public.paises', 'id'), coalesce((select max(id) from public.paises), 1), true);
select setval(pg_get_serial_sequence('public.idiomas', 'id'), coalesce((select max(id) from public.idiomas), 1), true);
select setval(pg_get_serial_sequence('public.localidades', 'id'), coalesce((select max(id) from public.localidades), 1), true);
select setval(pg_get_serial_sequence('public.empresas', 'id'), coalesce((select max(id) from public.empresas), 1), true);
select setval(pg_get_serial_sequence('public.modelos_ia', 'id'), coalesce((select max(id) from public.modelos_ia), 1), true);
select setval(pg_get_serial_sequence('public.implantacoes_ia', 'id'), coalesce((select max(id) from public.implantacoes_ia), 1), true);
select setval(pg_get_serial_sequence('public.categorias_uso', 'id'), coalesce((select max(id) from public.categorias_uso), 1), true);
select setval(pg_get_serial_sequence('public.metricas_uso', 'id'), coalesce((select max(id) from public.metricas_uso), 1), true);
select setval(pg_get_serial_sequence('public.tipos_resfriamento', 'id'), coalesce((select max(id) from public.tipos_resfriamento), 1), true);
select setval(pg_get_serial_sequence('public.fontes_energia', 'id'), coalesce((select max(id) from public.fontes_energia), 1), true);
select setval(pg_get_serial_sequence('public.infraestrutura', 'id'), coalesce((select max(id) from public.infraestrutura), 1), true);
select setval(pg_get_serial_sequence('public.ambiental', 'id'), coalesce((select max(id) from public.ambiental), 1), true);
select setval(pg_get_serial_sequence('public.custos', 'id'), coalesce((select max(id) from public.custos), 1), true);

-- ============================================================
-- 9. VIEW PRINCIPAL PARA DASHBOARD / CONSULTAS
-- ============================================================

create or replace view public.vw_dados_completos_normalizados
with (security_invoker = true)
as
select
  p.id as pais_id,
  p.codigo_pais,
  p.nome as pais,
  p.continente,
  string_agg(distinct idi.nome, ' / ' order by idi.nome) as idiomas,
  l.id as localidade_id,
  l.cidade,
  l.regiao,
  l.clima,
  l.temp_media_c,
  l.proximidade_agua,
  ia.id as implantacao_id,
  ia.ano_instalacao,
  ia.status,
  ia.observacao,
  string_agg(distinct m.nome_publico, ' / ' order by m.nome_publico) as modelos_ia,
  string_agg(distinct coalesce(m.versao, 'Sem versão informada'), ' / ' order by coalesce(m.versao, 'Sem versão informada')) as versoes_modelos,
  string_agg(distinct m.tipo_modelo::text, ' / ' order by m.tipo_modelo::text) as tipos_modelos,
  string_agg(distinct e.nome, ' / ' order by e.nome) as empresas,
  string_agg(distinct cu.nome, ' / ' order by cu.nome) as usos_principais,
  mu.pico_uso,
  mu.usuarios_milhoes,
  mu.interacoes_dia_milhoes,
  mu.crescimento_anual_percentual,
  mu.latencia_media_ms as latencia_uso_ms,
  inf.tipo_data_center,
  inf.numero_servidores,
  tr_inf.nome as tipo_resfriamento_infraestrutura,
  inf.ano_instalacao as ano_instalacao_infraestrutura,
  inf.status as status_infraestrutura,
  inf.latencia_media_ms as latencia_infraestrutura_ms,
  string_agg(distinct fe.nome, ' + ' order by fe.nome) as fontes_energia,
  amb.reuso_agua,
  amb.consumo_agua_milhoes_litros_ano,
  tr_amb.nome as tipo_resfriamento_ambiental,
  amb.regulamentacao_ambiental,
  c.custo_anual_milhoes_usd,
  c.custo_por_usuario_usd_ano,
  c.agua_por_usuario_litros_ano,
  c.interacoes_por_servidor_dia,
  c.custo_por_servidor_usd_ano
from public.implantacoes_ia ia
join public.localidades l on l.id = ia.localidade_id
join public.paises p on p.id = l.pais_id
left join public.pais_idiomas pi on pi.pais_id = p.id
left join public.idiomas idi on idi.id = pi.idioma_id
left join public.implantacao_modelos im on im.implantacao_id = ia.id
left join public.modelos_ia m on m.id = im.modelo_ia_id
left join public.implantacao_empresas ie on ie.implantacao_id = ia.id
left join public.empresas e on e.id = ie.empresa_id
left join public.implantacao_categorias_uso icu on icu.implantacao_id = ia.id
left join public.categorias_uso cu on cu.id = icu.categoria_uso_id
left join public.metricas_uso mu on mu.implantacao_id = ia.id
left join public.infraestrutura inf on inf.localidade_id = l.id
left join public.tipos_resfriamento tr_inf on tr_inf.id = inf.tipo_resfriamento_id
left join public.infraestrutura_fontes_energia ife on ife.infraestrutura_id = inf.id
left join public.fontes_energia fe on fe.id = ife.fonte_energia_id
left join public.ambiental amb on amb.localidade_id = l.id
left join public.tipos_resfriamento tr_amb on tr_amb.id = amb.tipo_resfriamento_id
left join public.custos c on c.localidade_id = l.id
group by
  p.id,
  p.codigo_pais,
  p.nome,
  p.continente,
  l.id,
  l.cidade,
  l.regiao,
  l.clima,
  l.temp_media_c,
  l.proximidade_agua,
  ia.id,
  ia.ano_instalacao,
  ia.status,
  ia.observacao,
  mu.pico_uso,
  mu.usuarios_milhoes,
  mu.interacoes_dia_milhoes,
  mu.crescimento_anual_percentual,
  mu.latencia_media_ms,
  inf.tipo_data_center,
  inf.numero_servidores,
  tr_inf.nome,
  inf.ano_instalacao,
  inf.status,
  inf.latencia_media_ms,
  amb.reuso_agua,
  amb.consumo_agua_milhoes_litros_ano,
  tr_amb.nome,
  amb.regulamentacao_ambiental,
  c.custo_anual_milhoes_usd,
  c.custo_por_usuario_usd_ano,
  c.agua_por_usuario_litros_ano,
  c.interacoes_por_servidor_dia,
  c.custo_por_servidor_usd_ano
order by p.nome;

-- ============================================================
-- 10. RLS / SEGURANÇA SUPABASE
-- Regra aplicada:
-- - anon e authenticated podem ler;
-- - apenas authenticated pode inserir, atualizar e deletar;
-- - created_by fica preparado para controle por usuário.
-- ============================================================

do $$
declare
  tabela text;
begin
  foreach tabela in array array[
    'paises',
    'idiomas',
    'pais_idiomas',
    'localidades',
    'empresas',
    'modelos_ia',
    'implantacoes_ia',
    'implantacao_modelos',
    'implantacao_empresas',
    'categorias_uso',
    'implantacao_categorias_uso',
    'metricas_uso',
    'tipos_resfriamento',
    'fontes_energia',
    'infraestrutura',
    'infraestrutura_fontes_energia',
    'ambiental',
    'custos'
  ] loop
    execute format('alter table public.%I enable row level security', tabela);

    execute format('drop policy if exists leitura_publica on public.%I', tabela);
    execute format('drop policy if exists inserir_autenticado on public.%I', tabela);
    execute format('drop policy if exists atualizar_autenticado on public.%I', tabela);
    execute format('drop policy if exists deletar_autenticado on public.%I', tabela);

    execute format(
      'create policy leitura_publica on public.%I for select using (true)',
      tabela
    );

    execute format(
      'create policy inserir_autenticado on public.%I for insert to authenticated with check (coalesce(created_by, auth.uid()) = auth.uid())',
      tabela
    );

    execute format(
      'create policy atualizar_autenticado on public.%I for update to authenticated using (created_by is null or created_by = auth.uid()) with check (created_by is null or created_by = auth.uid())',
      tabela
    );

    execute format(
      'create policy deletar_autenticado on public.%I for delete to authenticated using (created_by is null or created_by = auth.uid())',
      tabela
    );
  end loop;
end $$;

-- ============================================================
-- 11. GRANTS PARA USO VIA API DO SUPABASE
-- ============================================================

grant usage on schema public to anon, authenticated;

grant select on
  public.paises,
  public.idiomas,
  public.pais_idiomas,
  public.localidades,
  public.empresas,
  public.modelos_ia,
  public.implantacoes_ia,
  public.implantacao_modelos,
  public.implantacao_empresas,
  public.categorias_uso,
  public.implantacao_categorias_uso,
  public.metricas_uso,
  public.tipos_resfriamento,
  public.fontes_energia,
  public.infraestrutura,
  public.infraestrutura_fontes_energia,
  public.ambiental,
  public.custos,
  public.vw_dados_completos_normalizados
  to anon, authenticated;

grant insert, update, delete on
  public.paises,
  public.idiomas,
  public.pais_idiomas,
  public.localidades,
  public.empresas,
  public.modelos_ia,
  public.implantacoes_ia,
  public.implantacao_modelos,
  public.implantacao_empresas,
  public.categorias_uso,
  public.implantacao_categorias_uso,
  public.metricas_uso,
  public.tipos_resfriamento,
  public.fontes_energia,
  public.infraestrutura,
  public.infraestrutura_fontes_energia,
  public.ambiental,
  public.custos
  to authenticated;

grant usage, select on all sequences in schema public to authenticated;

-- ============================================================
-- 12. DOCUMENTAÇÃO INTERNA DO BANCO
-- ============================================================

comment on table public.paises is 'Países presentes no levantamento original.';
comment on table public.idiomas is 'Idiomas normalizados, separados da tabela de países.';
comment on table public.pais_idiomas is 'Relação N:N entre países e idiomas.';
comment on table public.localidades is 'Cidades/regiões onde há implantação ou infraestrutura relacionada a IA.';
comment on table public.empresas is 'Empresas envolvidas no ecossistema de IA.';
comment on table public.modelos_ia is 'Modelos ou produtos de IA, ligados opcionalmente à empresa desenvolvedora.';
comment on table public.implantacoes_ia is 'Implantações de IA por localidade.';
comment on table public.implantacao_modelos is 'Relação N:N entre implantações e modelos de IA.';
comment on table public.implantacao_empresas is 'Relação N:N entre implantações e empresas envolvidas.';
comment on table public.categorias_uso is 'Categorias normalizadas de uso principal da IA.';
comment on table public.implantacao_categorias_uso is 'Relação N:N entre implantações e categorias de uso.';
comment on table public.metricas_uso is 'Métricas de uso, usuários, interações, crescimento e latência.';
comment on table public.tipos_resfriamento is 'Tipos normalizados de resfriamento de data centers.';
comment on table public.fontes_energia is 'Fontes de energia normalizadas.';
comment on table public.infraestrutura is 'Dados de infraestrutura por localidade.';
comment on table public.infraestrutura_fontes_energia is 'Relação N:N entre infraestrutura e fontes de energia.';
comment on table public.ambiental is 'Dados ambientais por localidade.';
comment on table public.custos is 'Métricas de custo por localidade.';
comment on view public.vw_dados_completos_normalizados is 'View final para consultar os dados como relatório consolidado.';

commit;
